Run,Assay Type,AvgSpotLen,Bases,BioProject,BioSample,Bytes,Center Name,Collection_Date,Consent,DATASTORE filetype,DATASTORE provider,DATASTORE region,Experiment,genotype,geo_loc_name_country,geo_loc_name_country_continent,geo_loc_name,Instrument,Library Name,LibraryLayout,LibrarySelection,LibrarySource,Organism,Platform,ReleaseDate,create_date,version,Sample Name,source_name,SRA Study,strain_of_mouse,tissue
SRR30792252,ATAC-seq,202,10320588646,PRJNA1164732,SAMN43908212,3303039632,FRANCIS CRICK INSTITUTE,missing,public,"fastq,run.zq,sra","gs,ncbi,s3","gs.us-east1,ncbi.public,s3.us-east-1",SRX26193764,WT,uncalculated,uncalculated,missing,Illumina NovaSeq 6000,GSM8534209,PAIRED,other,OTHER,Mus musculus,ILLUMINA,2026-01-21T00:00:00Z,2024-09-25T09:26:00Z,1,GSM8534209,Gut IEL (V?7+) ?d T cells,SRP534664,Rosa26-CreERT2/C?1fl/fl,Gut
SRR30792259,ATAC-seq,202,3155881956,PRJNA1164732,SAMN43908208,1036559590,FRANCIS CRICK INSTITUTE,missing,public,"fastq,run.zq,sra","gs,ncbi,s3","gs.us-east1,ncbi.public,s3.us-east-1",SRX26193760,TCR KO,uncalculated,uncalculated,missing,Illumina NovaSeq 6000,GSM8534213,PAIRED,other,OTHER,Mus musculus,ILLUMINA,2026-01-21T00:00:00Z,2024-09-25T09:23:00Z,1,GSM8534213,Gut IEL (V?7+) ?d T cells,SRP534664,Rosa26-CreERT2/C?1fl/fl,Gut
SRR30792263,ATAC-seq,202,22888216,PRJNA1164732,SAMN43908213,7542987,FRANCIS CRICK INSTITUTE,missing,public,"fastq,run.zq,sra","gs,ncbi,s3","gs.us-east1,ncbi.public,s3.us-east-1",SRX26193758,WT,uncalculated,uncalculated,missing,Illumina NovaSeq 6000,GSM8534208,PAIRED,other,OTHER,Mus musculus,ILLUMINA,2026-01-21T00:00:00Z,2024-09-25T09:21:00Z,1,GSM8534208,Gut IEL (V?7+) ?d T cells,SRP534664,Rosa26-CreERT2/C?1fl/fl,Gut
SRR30792272,ATAC-seq,202,1413668922,PRJNA1164732,SAMN43908217,476335985,FRANCIS CRICK INSTITUTE,missing,public,"fastq,run.zq,sra","gs,ncbi,s3","gs.us-east1,ncbi.public,s3.us-east-1",SRX26193754,TCR KO,uncalculated,uncalculated,missing,Illumina NovaSeq 6000,GSM8534204,PAIRED,other,OTHER,Mus musculus,ILLUMINA,2026-01-21T00:00:00Z,2024-09-25T09:22:00Z,1,GSM8534204,DETC (V?5+) ?d T cells,SRP534664,TCRd-CreERT2/C?1fl/fl,Epidermis
SRR30792274,ATAC-seq,202,1066739174,PRJNA1164732,SAMN43908218,384199826,FRANCIS CRICK INSTITUTE,missing,public,"fastq,run.zq,sra","gs,ncbi,s3","gs.us-east1,ncbi.public,s3.us-east-1",SRX26193753,TCR KO,uncalculated,uncalculated,missing,Illumina NovaSeq 6000,GSM8534203,PAIRED,other,OTHER,Mus musculus,ILLUMINA,2026-01-21T00:00:00Z,2024-09-25T09:22:00Z,1,GSM8534203,DETC (V?5+) ?d T cells,SRP534664,TCRd-CreERT2/C?1fl/fl,Epidermis
SRR30792246,ATAC-seq,202,9180974740,PRJNA1164732,SAMN43908206,3077158220,FRANCIS CRICK INSTITUTE,missing,public,"fastq,run.zq,sra","gs,ncbi,s3","gs.us-east1,ncbi.public,s3.us-east-1",SRX26193767,TCR KO,uncalculated,uncalculated,missing,Illumina NovaSeq 6000,GSM8534215,PAIRED,other,OTHER,Mus musculus,ILLUMINA,2026-01-21T00:00:00Z,2024-09-25T09:25:00Z,1,GSM8534215,Gut IEL (V?7+) ?d T cells,SRP534664,Rosa26-CreERT2/C?1fl/fl,Gut
SRR30792250,ATAC-seq,202,8482222400,PRJNA1164732,SAMN43908204,2696475893,FRANCIS CRICK INSTITUTE,missing,public,"fastq,run.zq,sra","gs,ncbi,s3","gs.us-east1,ncbi.public,s3.us-east-1",SRX26193765,TCR KO,uncalculated,uncalculated,missing,Illumina NovaSeq 6000,GSM8534217,PAIRED,other,OTHER,Mus musculus,ILLUMINA,2026-01-21T00:00:00Z,2024-09-25T09:26:00Z,1,GSM8534217,Gut IEL (V?7+) ?d T cells,SRP534664,Rosa26-CreERT2/C?1fl/fl,Gut
SRR30792253,ATAC-seq,202,7126583432,PRJNA1164732,SAMN43908211,2281009046,FRANCIS CRICK INSTITUTE,missing,public,"fastq,run.zq,sra","gs,ncbi,s3","gs.us-east1,ncbi.public,s3.us-east-1",SRX26193763,WT,uncalculated,uncalculated,missing,Illumina NovaSeq 6000,GSM8534210,PAIRED,other,OTHER,Mus musculus,ILLUMINA,2026-01-21T00:00:00Z,2024-09-25T09:26:00Z,1,GSM8534210,Gut IEL (V?7+) ?d T cells,SRP534664,Rosa26-CreERT2/C?1fl/fl,Gut
SRR30792255,ATAC-seq,202,2443642076,PRJNA1164732,SAMN43908210,871906888,FRANCIS CRICK INSTITUTE,missing,public,"fastq,run.zq,sra","gs,ncbi,s3","gs.us-east1,ncbi.public,s3.us-east-1",SRX26193762,TCR KO,uncalculated,uncalculated,missing,Illumina NovaSeq 6000,GSM8534211,PAIRED,other,OTHER,Mus musculus,ILLUMINA,2026-01-21T00:00:00Z,2024-09-25T09:23:00Z,1,GSM8534211,Gut IEL (V?7+) ?d T cells,SRP534664,Rosa26-CreERT2/C?1fl/fl,Gut
SRR30792257,ATAC-seq,202,2353616534,PRJNA1164732,SAMN43908209,767362354,FRANCIS CRICK INSTITUTE,missing,public,"fastq,run.zq,sra","gs,ncbi,s3","gs.us-east1,ncbi.public,s3.us-east-1",SRX26193761,TCR KO,uncalculated,uncalculated,missing,Illumina NovaSeq 6000,GSM8534212,PAIRED,other,OTHER,Mus musculus,ILLUMINA,2026-01-21T00:00:00Z,2024-09-25T09:23:00Z,1,GSM8534212,Gut IEL (V?7+) ?d T cells,SRP534664,Rosa26-CreERT2/C?1fl/fl,Gut
SRR30792261,ATAC-seq,202,23583096,PRJNA1164732,SAMN43908207,7722113,FRANCIS CRICK INSTITUTE,missing,public,"fastq,run.zq,sra","gs,ncbi,s3","gs.us-east1,ncbi.public,s3.us-east-1",SRX26193759,TCR KO,uncalculated,uncalculated,missing,Illumina NovaSeq 6000,GSM8534214,PAIRED,other,OTHER,Mus musculus,ILLUMINA,2026-01-21T00:00:00Z,2024-09-25T09:21:00Z,1,GSM8534214,Gut IEL (V?7+) ?d T cells,SRP534664,Rosa26-CreERT2/C?1fl/fl,Gut
SRR30792270,ATAC-seq,202,1475979054,PRJNA1164732,SAMN43908216,501748146,FRANCIS CRICK INSTITUTE,missing,public,"fastq,run.zq,sra","gs,ncbi,s3","gs.us-east1,ncbi.public,s3.us-east-1",SRX26193755,TCR KO,uncalculated,uncalculated,missing,Illumina NovaSeq 6000,GSM8534205,PAIRED,other,OTHER,Mus musculus,ILLUMINA,2026-01-21T00:00:00Z,2024-09-25T09:23:00Z,1,GSM8534205,DETC (V?5+) ?d T cells,SRP534664,TCRd-CreERT2/C?1fl/fl,Epidermis
SRR30792278,ATAC-seq,202,1495350652,PRJNA1164732,SAMN43908220,506256594,FRANCIS CRICK INSTITUTE,missing,public,"fastq,run.zq,sra","gs,ncbi,s3","gs.us-east1,ncbi.public,s3.us-east-1",SRX26193751,WT,uncalculated,uncalculated,missing,Illumina NovaSeq 6000,GSM8534201,PAIRED,other,OTHER,Mus musculus,ILLUMINA,2026-01-21T00:00:00Z,2024-09-25T09:22:00Z,1,GSM8534201,DETC (V?5+) ?d T cells,SRP534664,TCRd-CreERT2/C?1fl/fl,Epidermis
SRR30792280,ATAC-seq,202,1096565282,PRJNA1164732,SAMN43908221,407926066,FRANCIS CRICK INSTITUTE,missing,public,"fastq,run.zq,sra","gs,ncbi,s3","gs.us-east1,ncbi.public,s3.us-east-1",SRX26193750,WT,uncalculated,uncalculated,missing,Illumina NovaSeq 6000,GSM8534200,PAIRED,other,OTHER,Mus musculus,ILLUMINA,2026-01-21T00:00:00Z,2024-09-25T09:22:00Z,1,GSM8534200,DETC (V?5+) ?d T cells,SRP534664,TCRd-CreERT2/C?1fl/fl,Epidermis
SRR30792248,ATAC-seq,202,10063640808,PRJNA1164732,SAMN43908205,3214526791,FRANCIS CRICK INSTITUTE,missing,public,"fastq,run.zq,sra","gs,ncbi,s3","gs.us-east1,ncbi.public,s3.us-east-1",SRX26193766,WT,uncalculated,uncalculated,missing,Illumina NovaSeq 6000,GSM8534216,PAIRED,other,OTHER,Mus musculus,ILLUMINA,2026-01-21T00:00:00Z,2024-09-25T09:26:00Z,1,GSM8534216,Gut IEL (V?7+) ?d T cells,SRP534664,Rosa26-CreERT2/C?1fl/fl,Gut
SRR30792266,ATAC-seq,202,7045389734,PRJNA1164732,SAMN43908214,2581436784,FRANCIS CRICK INSTITUTE,missing,public,"fastq,run.zq,sra","gs,ncbi,s3","gs.us-east1,ncbi.public,s3.us-east-1",SRX26193757,WT,uncalculated,uncalculated,missing,Illumina NovaSeq 6000,GSM8534207,PAIRED,other,OTHER,Mus musculus,ILLUMINA,2026-01-21T00:00:00Z,2024-09-25T09:24:00Z,1,GSM8534207,Gut IEL (V?7+) ?d T cells,SRP534664,Rosa26-CreERT2/C?1fl/fl,Gut
SRR30792268,ATAC-seq,202,2262292132,PRJNA1164732,SAMN43908215,764967797,FRANCIS CRICK INSTITUTE,missing,public,"fastq,run.zq,sra","gs,ncbi,s3","gs.us-east1,ncbi.public,s3.us-east-1",SRX26193756,TCR KO,uncalculated,uncalculated,missing,Illumina NovaSeq 6000,GSM8534206,PAIRED,other,OTHER,Mus musculus,ILLUMINA,2026-01-21T00:00:00Z,2024-09-25T09:22:00Z,1,GSM8534206,DETC (V?5+) ?d T cells,SRP534664,TCRd-CreERT2/C?1fl/fl,Epidermis
SRR30792276,ATAC-seq,202,1813547112,PRJNA1164732,SAMN43908219,618170658,FRANCIS CRICK INSTITUTE,missing,public,"fastq,run.zq,sra","gs,ncbi,s3","gs.us-east1,ncbi.public,s3.us-east-1",SRX26193752,WT,uncalculated,uncalculated,missing,Illumina NovaSeq 6000,GSM8534202,PAIRED,other,OTHER,Mus musculus,ILLUMINA,2026-01-21T00:00:00Z,2024-09-25T09:22:00Z,1,GSM8534202,DETC (V?5+) ?d T cells,SRP534664,TCRd-CreERT2/C?1fl/fl,Epidermis
SRR30792254,ATAC-seq,202,22890842,PRJNA1164732,SAMN43908212,7579408,FRANCIS CRICK INSTITUTE,missing,public,"fastq,run.zq,sra","gs,ncbi,s3","gs.us-east1,ncbi.public,s3.us-east-1",SRX26193764,WT,uncalculated,uncalculated,missing,Illumina NovaSeq 6000,GSM8534209,PAIRED,other,OTHER,Mus musculus,ILLUMINA,2026-01-21T00:00:00Z,2024-09-25T09:21:00Z,1,GSM8534209,Gut IEL (V?7+) ?d T cells,SRP534664,Rosa26-CreERT2/C?1fl/fl,Gut
SRR30792258,ATAC-seq,202,8192816394,PRJNA1164732,SAMN43908210,2936552241,FRANCIS CRICK INSTITUTE,missing,public,"fastq,run.zq,sra","gs,ncbi,s3","gs.us-east1,ncbi.public,s3.us-east-1",SRX26193762,TCR KO,uncalculated,uncalculated,missing,Illumina NovaSeq 6000,GSM8534211,PAIRED,other,OTHER,Mus musculus,ILLUMINA,2026-01-21T00:00:00Z,2024-09-25T09:31:00Z,1,GSM8534211,Gut IEL (V?7+) ?d T cells,SRP534664,Rosa26-CreERT2/C?1fl/fl,Gut
SRR30792273,ATAC-seq,202,10186459434,PRJNA1164732,SAMN43908217,3345759241,FRANCIS CRICK INSTITUTE,missing,public,"fastq,run.zq,sra","gs,ncbi,s3","gs.us-east1,ncbi.public,s3.us-east-1",SRX26193754,TCR KO,uncalculated,uncalculated,missing,Illumina NovaSeq 6000,GSM8534204,PAIRED,other,OTHER,Mus musculus,ILLUMINA,2026-01-21T00:00:00Z,2024-09-25T09:27:00Z,1,GSM8534204,DETC (V?5+) ?d T cells,SRP534664,TCRd-CreERT2/C?1fl/fl,Epidermis
SRR30792247,ATAC-seq,202,2297167028,PRJNA1164732,SAMN43908204,744403907,FRANCIS CRICK INSTITUTE,missing,public,"fastq,run.zq,sra","gs,ncbi,s3","gs.us-east1,ncbi.public,s3.us-east-1",SRX26193765,TCR KO,uncalculated,uncalculated,missing,Illumina NovaSeq 6000,GSM8534217,PAIRED,other,OTHER,Mus musculus,ILLUMINA,2026-01-21T00:00:00Z,2024-09-25T09:23:00Z,1,GSM8534217,Gut IEL (V?7+) ?d T cells,SRP534664,Rosa26-CreERT2/C?1fl/fl,Gut
SRR30792249,ATAC-seq,202,1373787860,PRJNA1164732,SAMN43908206,464155115,FRANCIS CRICK INSTITUTE,missing,public,"fastq,run.zq,sra","gs,ncbi,s3","gs.us-east1,ncbi.public,s3.us-east-1",SRX26193767,TCR KO,uncalculated,uncalculated,missing,Illumina NovaSeq 6000,GSM8534215,PAIRED,other,OTHER,Mus musculus,ILLUMINA,2026-01-21T00:00:00Z,2024-09-25T09:21:00Z,1,GSM8534215,Gut IEL (V?7+) ?d T cells,SRP534664,Rosa26-CreERT2/C?1fl/fl,Gut
SRR30792251,ATAC-seq,202,114990318,PRJNA1164732,SAMN43908205,37573900,FRANCIS CRICK INSTITUTE,missing,public,"fastq,run.zq,sra","gs,ncbi,s3","gs.us-east1,ncbi.public,s3.us-east-1",SRX26193766,WT,uncalculated,uncalculated,missing,Illumina NovaSeq 6000,GSM8534216,PAIRED,other,OTHER,Mus musculus,ILLUMINA,2026-01-21T00:00:00Z,2024-09-25T09:21:00Z,1,GSM8534216,Gut IEL (V?7+) ?d T cells,SRP534664,Rosa26-CreERT2/C?1fl/fl,Gut
SRR30792264,ATAC-seq,202,10624043348,PRJNA1164732,SAMN43908213,3385657781,FRANCIS CRICK INSTITUTE,missing,public,"fastq,run.zq,sra","gs,ncbi,s3","gs.us-east1,ncbi.public,s3.us-east-1",SRX26193758,WT,uncalculated,uncalculated,missing,Illumina NovaSeq 6000,GSM8534208,PAIRED,other,OTHER,Mus musculus,ILLUMINA,2026-01-21T00:00:00Z,2024-09-25T09:29:00Z,1,GSM8534208,Gut IEL (V?7+) ?d T cells,SRP534664,Rosa26-CreERT2/C?1fl/fl,Gut
SRR30792265,ATAC-seq,202,10654786738,PRJNA1164732,SAMN43908207,3379646169,FRANCIS CRICK INSTITUTE,missing,public,"fastq,run.zq,sra","gs,ncbi,s3","gs.us-east1,ncbi.public,s3.us-east-1",SRX26193759,TCR KO,uncalculated,uncalculated,missing,Illumina NovaSeq 6000,GSM8534214,PAIRED,other,OTHER,Mus musculus,ILLUMINA,2026-01-21T00:00:00Z,2024-09-25T09:26:00Z,1,GSM8534214,Gut IEL (V?7+) ?d T cells,SRP534664,Rosa26-CreERT2/C?1fl/fl,Gut
SRR30792271,ATAC-seq,202,10420386746,PRJNA1164732,SAMN43908216,3451214194,FRANCIS CRICK INSTITUTE,missing,public,"fastq,run.zq,sra","gs,ncbi,s3","gs.us-east1,ncbi.public,s3.us-east-1",SRX26193755,TCR KO,uncalculated,uncalculated,missing,Illumina NovaSeq 6000,GSM8534205,PAIRED,other,OTHER,Mus musculus,ILLUMINA,2026-01-21T00:00:00Z,2024-09-25T09:26:00Z,1,GSM8534205,DETC (V?5+) ?d T cells,SRP534664,TCRd-CreERT2/C?1fl/fl,Epidermis
SRR30792277,ATAC-seq,202,10147253658,PRJNA1164732,SAMN43908219,3337190369,FRANCIS CRICK INSTITUTE,missing,public,"fastq,run.zq,sra","gs,ncbi,s3","gs.us-east1,ncbi.public,s3.us-east-1",SRX26193752,WT,uncalculated,uncalculated,missing,Illumina NovaSeq 6000,GSM8534202,PAIRED,other,OTHER,Mus musculus,ILLUMINA,2026-01-21T00:00:00Z,2024-09-25T09:33:00Z,1,GSM8534202,DETC (V?5+) ?d T cells,SRP534664,TCRd-CreERT2/C?1fl/fl,Epidermis
SRR30792279,ATAC-seq,202,11452377880,PRJNA1164732,SAMN43908220,3758777783,FRANCIS CRICK INSTITUTE,missing,public,"fastq,run.zq,sra","gs,ncbi,s3","gs.us-east1,ncbi.public,s3.us-east-1",SRX26193751,WT,uncalculated,uncalculated,missing,Illumina NovaSeq 6000,GSM8534201,PAIRED,other,OTHER,Mus musculus,ILLUMINA,2026-01-21T00:00:00Z,2024-09-25T09:26:00Z,1,GSM8534201,DETC (V?5+) ?d T cells,SRP534664,TCRd-CreERT2/C?1fl/fl,Epidermis
SRR30792256,ATAC-seq,202,4643490554,PRJNA1164732,SAMN43908211,1506908213,FRANCIS CRICK INSTITUTE,missing,public,"fastq,run.zq,sra","gs,ncbi,s3","gs.us-east1,ncbi.public,s3.us-east-1",SRX26193763,WT,uncalculated,uncalculated,missing,Illumina NovaSeq 6000,GSM8534210,PAIRED,other,OTHER,Mus musculus,ILLUMINA,2026-01-21T00:00:00Z,2024-09-25T09:26:00Z,1,GSM8534210,Gut IEL (V?7+) ?d T cells,SRP534664,Rosa26-CreERT2/C?1fl/fl,Gut
SRR30792260,ATAC-seq,202,8545913202,PRJNA1164732,SAMN43908209,2742466891,FRANCIS CRICK INSTITUTE,missing,public,"fastq,run.zq,sra","gs,ncbi,s3","gs.us-east1,ncbi.public,s3.us-east-1",SRX26193761,TCR KO,uncalculated,uncalculated,missing,Illumina NovaSeq 6000,GSM8534212,PAIRED,other,OTHER,Mus musculus,ILLUMINA,2026-01-21T00:00:00Z,2024-09-25T09:27:00Z,1,GSM8534212,Gut IEL (V?7+) ?d T cells,SRP534664,Rosa26-CreERT2/C?1fl/fl,Gut
SRR30792267,ATAC-seq,202,5181960944,PRJNA1164732,SAMN43908214,1926268766,FRANCIS CRICK INSTITUTE,missing,public,"fastq,run.zq,sra","gs,ncbi,s3","gs.us-east1,ncbi.public,s3.us-east-1",SRX26193757,WT,uncalculated,uncalculated,missing,Illumina NovaSeq 6000,GSM8534207,PAIRED,other,OTHER,Mus musculus,ILLUMINA,2026-01-21T00:00:00Z,2024-09-25T09:27:00Z,1,GSM8534207,Gut IEL (V?7+) ?d T cells,SRP534664,Rosa26-CreERT2/C?1fl/fl,Gut
SRR30792269,ATAC-seq,202,9522973062,PRJNA1164732,SAMN43908215,3127331206,FRANCIS CRICK INSTITUTE,missing,public,"fastq,run.zq,sra","gs,ncbi,s3","gs.us-east1,ncbi.public,s3.us-east-1",SRX26193756,TCR KO,uncalculated,uncalculated,missing,Illumina NovaSeq 6000,GSM8534206,PAIRED,other,OTHER,Mus musculus,ILLUMINA,2026-01-21T00:00:00Z,2024-09-25T09:26:00Z,1,GSM8534206,DETC (V?5+) ?d T cells,SRP534664,TCRd-CreERT2/C?1fl/fl,Epidermis
SRR30792275,ATAC-seq,202,10790783642,PRJNA1164732,SAMN43908218,3831496839,FRANCIS CRICK INSTITUTE,missing,public,"fastq,run.zq,sra","gs,ncbi,s3","gs.us-east1,ncbi.public,s3.us-east-1",SRX26193753,TCR KO,uncalculated,uncalculated,missing,Illumina NovaSeq 6000,GSM8534203,PAIRED,other,OTHER,Mus musculus,ILLUMINA,2026-01-21T00:00:00Z,2024-09-25T09:35:00Z,1,GSM8534203,DETC (V?5+) ?d T cells,SRP534664,TCRd-CreERT2/C?1fl/fl,Epidermis
SRR30792281,ATAC-seq,202,11941716820,PRJNA1164732,SAMN43908221,4368572267,FRANCIS CRICK INSTITUTE,missing,public,"fastq,run.zq,sra","gs,ncbi,s3","gs.us-east1,ncbi.public,s3.us-east-1",SRX26193750,WT,uncalculated,uncalculated,missing,Illumina NovaSeq 6000,GSM8534200,PAIRED,other,OTHER,Mus musculus,ILLUMINA,2026-01-21T00:00:00Z,2024-09-25T09:27:00Z,1,GSM8534200,DETC (V?5+) ?d T cells,SRP534664,TCRd-CreERT2/C?1fl/fl,Epidermis
SRR30792262,ATAC-seq,202,8165017558,PRJNA1164732,SAMN43908208,2647963376,FRANCIS CRICK INSTITUTE,missing,public,"run.zq,sra,fastq","gs,ncbi,s3","gs.us-east1,ncbi.public,s3.us-east-1",SRX26193760,TCR KO,uncalculated,uncalculated,missing,Illumina NovaSeq 6000,GSM8534213,PAIRED,other,OTHER,Mus musculus,ILLUMINA,2026-01-21T00:00:00Z,2024-09-25T09:26:00Z,1,GSM8534213,Gut IEL (V?7+) ?d T cells,SRP534664,Rosa26-CreERT2/C?1fl/fl,Gut
